011CF30D0C3DAD4B85AF9E8ADBB772F6,Raw Fitness Cost->3.0,Calculation Time (ms)->3507.0,Max Move-Log Cost->21.0,Num. States->22133.0,Move-Model Fitness->0.875,Trace Fitness->0.8888888888888888,Max Fitness Cost->27.0,Move-Log Fitness->1.0,Trace Length->21.0,Queued States->26898.0
025F3B6B6BCD53BE62F7D25390313AEF,Raw Fitness Cost->7.0,Calculation Time (ms)->1500.0,Max Move-Log Cost->16.0,Num. States->6812.0,Move-Model Fitness->0.8461538461538461,Trace Fitness->0.6818181818181819,Max Fitness Cost->22.0,Move-Log Fitness->0.6875,Trace Length->16.0,Queued States->10374.0
03F9107321301130C659379B2D1F9D99,Raw Fitness Cost->2.0,Calculation Time (ms)->1115.0,Max Move-Log Cost->17.0,Num. States->5207.0,Move-Model Fitness->1.0,Trace Fitness->0.9130434782608696,Max Fitness Cost->23.0,Move-Log Fitness->0.8823529411764706,Trace Length->17.0,Queued States->8820.0
053700A22EBA34CA64F30A529F080B88,Raw Fitness Cost->0.0,Calculation Time (ms)->497.0,Max Move-Log Cost->17.0,Num. States->1400.0,Move-Model Fitness->1.0,Trace Fitness->1.0,Max Fitness Cost->23.0,Move-Log Fitness->1.0,Trace Length->17.0,Queued States->2771.0
07929267F9EB88FF6F497979D13E4B07,Raw Fitness Cost->2.0,Calculation Time (ms)->831.0,Max Move-Log Cost->10.0,Num. States->2720.0,Move-Model Fitness->0.9,Trace Fitness->0.875,Max Fitness Cost->16.0,Move-Log Fitness->0.9,Trace Length->10.0,Queued States->5137.0
0802F9BDCFEFBE0F961D338462E04496,Raw Fitness Cost->2.0,Calculation Time (ms)->1014.0,Max Move-Log Cost->13.0,Num. States->2434.0,Move-Model Fitness->0.9230769230769231,Trace Fitness->0.8947368421052632,Max Fitness Cost->19.0,Move-Log Fitness->0.9230769230769231,Trace Length->13.0,Queued States->5047.0
08B290D1487A5FE1870D8CF75625E8BA,Raw Fitness Cost->6.0,Calculation Time (ms)->2083.0,Max Move-Log Cost->17.0,Num. States->9689.0,Move-Model Fitness->0.8235294117647058,Trace Fitness->0.7391304347826086,Max Fitness Cost->23.0,Move-Log Fitness->0.8235294117647058,Trace Length->17.0,Queued States->12266.0
08C1736A8A1027F27C0566D4B1A12E83,Raw Fitness Cost->2.0,Calculation Time (ms)->2709.0,Max Move-Log Cost->15.0,Num. States->16351.0,Move-Model Fitness->0.8823529411764706,Trace Fitness->0.9047619047619048,Max Fitness Cost->21.0,Move-Log Fitness->1.0,Trace Length->15.0,Queued States->20808.0
0992234B1FC7F02199B59DCFC1DFE5E2,Raw Fitness Cost->5.0,Calculation Time (ms)->2847.0,Max Move-Log Cost->17.0,Num. States->17467.0,Move-Model Fitness->0.875,Trace Fitness->0.782608695652174,Max Fitness Cost->23.0,Move-Log Fitness->0.8235294117647058,Trace Length->17.0,Queued States->22985.0
0B93C93BB83E78A70DB85F7936A75D66,Raw Fitness Cost->2.0,Calculation Time (ms)->1185.0,Max Move-Log Cost->23.0,Num. States->5690.0,Move-Model Fitness->0.9565217391304348,Trace Fitness->0.9310344827586207,Max Fitness Cost->29.0,Move-Log Fitness->0.9565217391304348,Trace Length->23.0,Queued States->8955.0
0E4948A9547A9B33405C6EBF338A52FB,Raw Fitness Cost->4.0,Calculation Time (ms)->960.0,Max Move-Log Cost->14.0,Num. States->4186.0,Move-Model Fitness->0.8571428571428572,Trace Fitness->0.8,Max Fitness Cost->20.0,Move-Log Fitness->0.8571428571428572,Trace Length->14.0,Queued States->6291.0
0F380ECF5471DC4E2C3F9CBCD0684DB6,Raw Fitness Cost->1.0,Calculation Time (ms)->806.0,Max Move-Log Cost->17.0,Num. States->3762.0,Move-Model Fitness->1.0,Trace Fitness->0.9565217391304348,Max Fitness Cost->23.0,Move-Log Fitness->0.9411764705882353,Trace Length->17.0,Queued States->7172.0
1048D9A408FE65D764DBF47513C2DFC7,Raw Fitness Cost->1.0,Calculation Time (ms)->422.0,Max Move-Log Cost->17.0,Num. States->2163.0,Move-Model Fitness->0.9444444444444444,Trace Fitness->0.9565217391304348,Max Fitness Cost->23.0,Move-Log Fitness->1.0,Trace Length->17.0,Queued States->4083.0
10623BFE4B9541B76E4DCBA21AF68631,Raw Fitness Cost->5.0,Calculation Time (ms)->578.0,Max Move-Log Cost->5.0,Num. States->4732.0,Move-Model Fitness->0.5,Trace Fitness->0.5454545454545454,Max Fitness Cost->11.0,Move-Log Fitness->0.8,Trace Length->5.0,Queued States->6739.0
12A7C60899BEA94B06F5264C9C0CAE85,Raw Fitness Cost->0.0,Calculation Time (ms)->132.0,Max Move-Log Cost->20.0,Num. States->888.0,Move-Model Fitness->1.0,Trace Fitness->1.0,Max Fitness Cost->26.0,Move-Log Fitness->1.0,Trace Length->20.0,Queued States->1886.0
12D5F352DF53543B7D5DB1030836C8B9,Raw Fitness Cost->2.0,Calculation Time (ms)->845.0,Max Move-Log Cost->22.0,Num. States->7206.0,Move-Model Fitness->0.9166666666666666,Trace Fitness->0.9285714285714286,Max Fitness Cost->28.0,Move-Log Fitness->1.0,Trace Length->22.0,Queued States->11206.0
156B8E240779EEFBD15FDD2D8B987A77,Raw Fitness Cost->0.0,Calculation Time (ms)->158.0,Max Move-Log Cost->23.0,Num. States->1659.0,Move-Model Fitness->1.0,Trace Fitness->1.0,Max Fitness Cost->29.0,Move-Log Fitness->1.0,Trace Length->23.0,Queued States->2941.0
169129811D219565B9A9590ED49BB04C,Raw Fitness Cost->2.0,Calculation Time (ms)->461.0,Max Move-Log Cost->16.0,Num. States->3637.0,Move-Model Fitness->1.0,Trace Fitness->0.9090909090909091,Max Fitness Cost->22.0,Move-Log Fitness->0.875,Trace Length->16.0,Queued States->6351.0
17C6BEC47DDD378FDF67E951DC57C8E0,Raw Fitness Cost->2.0,Calculation Time (ms)->695.0,Max Move-Log Cost->34.0,Num. States->5650.0,Move-Model Fitness->1.0,Trace Fitness->0.95,Max Fitness Cost->40.0,Move-Log Fitness->0.9411764705882353,Trace Length->34.0,Queued States->9340.0
17D62FF4D5A3E571027FCB3B1286D348,Raw Fitness Cost->1.0,Calculation Time (ms)->1250.0,Max Move-Log Cost->19.0,Num. States->13875.0,Move-Model Fitness->0.95,Trace Fitness->0.96,Max Fitness Cost->25.0,Move-Log Fitness->1.0,Trace Length->19.0,Queued States->17252.0
18B2C15AF13A3BF0C352F98D13EA473C,Raw Fitness Cost->2.0,Calculation Time (ms)->410.0,Max Move-Log Cost->5.0,Num. States->3907.0,Move-Model Fitness->0.7142857142857143,Trace Fitness->0.8181818181818181,Max Fitness Cost->11.0,Move-Log Fitness->1.0,Trace Length->5.0,Queued States->6306.0
19944FCAD346A3D3336349FDDD182065,Raw Fitness Cost->2.0,Calculation Time (ms)->343.0,Max Move-Log Cost->15.0,Num. States->2658.0,Move-Model Fitness->0.9333333333333333,Trace Fitness->0.9047619047619048,Max Fitness Cost->21.0,Move-Log Fitness->0.9333333333333333,Trace Length->15.0,Queued States->5985.0
19C116D195BBA77736288C9CE0C48F7A,Raw Fitness Cost->0.0,Calculation Time (ms)->132.0,Max Move-Log Cost->18.0,Num. States->1767.0,Move-Model Fitness->1.0,Trace Fitness->1.0,Max Fitness Cost->24.0,Move-Log Fitness->1.0,Trace Length->18.0,Queued States->3417.0
1DF8CB8C3CA566E85EB8553A304B2648,Raw Fitness Cost->2.0,Calculation Time (ms)->519.0,Max Move-Log Cost->13.0,Num. States->4024.0,Move-Model Fitness->0.9230769230769231,Trace Fitness->0.8947368421052632,Max Fitness Cost->19.0,Move-Log Fitness->0.9230769230769231,Trace Length->13.0,Queued States->6698.0
1E64FB321210AD3F6ED39DBD3F8D8E32,Raw Fitness Cost->6.0,Calculation Time (ms)->1313.0,Max Move-Log Cost->36.0,Num. States->15483.0,Move-Model Fitness->0.9166666666666666,Trace Fitness->0.8571428571428572,Max Fitness Cost->42.0,Move-Log Fitness->0.9166666666666666,Trace Length->36.0,Queued States->19111.0
1EDC612E953846C2428D309A070F2645,Raw Fitness Cost->0.0,Calculation Time (ms)->803.0,Max Move-Log Cost->26.0,Num. States->9709.0,Move-Model Fitness->1.0,Trace Fitness->1.0,Max Fitness Cost->32.0,Move-Log Fitness->1.0,Trace Length->26.0,Queued States->16695.0
2113D195A456F19F8E481F58CF4E254D,Raw Fitness Cost->2.0,Calculation Time (ms)->511.0,Max Move-Log Cost->16.0,Num. States->5733.0,Move-Model Fitness->0.9375,Trace Fitness->0.9090909090909091,Max Fitness Cost->22.0,Move-Log Fitness->0.9375,Trace Length->16.0,Queued States->9435.0
212E179A1D26AAC75D892A62919507CC,Raw Fitness Cost->4.0,Calculation Time (ms)->601.0,Max Move-Log Cost->17.0,Num. States->8796.0,Move-Model Fitness->1.0,Trace Fitness->0.8260869565217391,Max Fitness Cost->23.0,Move-Log Fitness->0.7647058823529411,Trace Length->17.0,Queued States->14558.0
21577C9DDBAF950E7285BBD23D5E40E7,Raw Fitness Cost->4.0,Calculation Time (ms)->280.0,Max Move-Log Cost->20.0,Num. States->6524.0,Move-Model Fitness->0.9444444444444444,Trace Fitness->0.8461538461538461,Max Fitness Cost->26.0,Move-Log Fitness->0.85,Trace Length->20.0,Queued States->10273.0
22EC7CB1C3A438BA61CC0CE494BE2C20,Raw Fitness Cost->0.0,Calculation Time (ms)->88.0,Max Move-Log Cost->15.0,Num. States->2089.0,Move-Model Fitness->1.0,Trace Fitness->1.0,Max Fitness Cost->21.0,Move-Log Fitness->1.0,Trace Length->15.0,Queued States->3983.0
23339A5ADCEA53CBA3517318CC9D273A,Raw Fitness Cost->2.0,Calculation Time (ms)->1188.0,Max Move-Log Cost->16.0,Num. States->17773.0,Move-Model Fitness->0.8888888888888888,Trace Fitness->0.9090909090909091,Max Fitness Cost->22.0,Move-Log Fitness->1.0,Trace Length->16.0,Queued States->22485.0
238E028DDCB786442C798D68CC79AD1E,Raw Fitness Cost->1.0,Calculation Time (ms)->121.0,Max Move-Log Cost->6.0,Num. States->1599.0,Move-Model Fitness->0.8571428571428572,Trace Fitness->0.9166666666666666,Max Fitness Cost->12.0,Move-Log Fitness->1.0,Trace Length->6.0,Queued States->3715.0
24AB10F1C7DAD1EEB5743FCB24CA1C2D,Raw Fitness Cost->5.0,Calculation Time (ms)->244.0,Max Move-Log Cost->14.0,Num. States->6537.0,Move-Model Fitness->0.9090909090909091,Trace Fitness->0.75,Max Fitness Cost->20.0,Move-Log Fitness->0.7142857142857143,Trace Length->14.0,Queued States->9904.0
25E3FA4AD91F607A3EDF4A080280663F,Raw Fitness Cost->1.0,Calculation Time (ms)->93.0,Max Move-Log Cost->9.0,Num. States->1511.0,Move-Model Fitness->0.9,Trace Fitness->0.9333333333333333,Max Fitness Cost->15.0,Move-Log Fitness->1.0,Trace Length->9.0,Queued States->3224.0
262F770E5F4F34E96660CDC9C0CDD014,Raw Fitness Cost->2.0,Calculation Time (ms)->769.0,Max Move-Log Cost->8.0,Num. States->3055.0,Move-Model Fitness->0.8,Trace Fitness->0.8571428571428572,Max Fitness Cost->14.0,Move-Log Fitness->1.0,Trace Length->8.0,Queued States->5244.0
269B9C9150372937E733003BCDC78098,Raw Fitness Cost->2.0,Calculation Time (ms)->415.0,Max Move-Log Cost->13.0,Num. States->5708.0,Move-Model Fitness->0.9230769230769231,Trace Fitness->0.8947368421052632,Max Fitness Cost->19.0,Move-Log Fitness->0.9230769230769231,Trace Length->13.0,Queued States->10591.0
26F5CB2E09EF8C3CA32EA18564C0CB82,Raw Fitness Cost->0.0,Calculation Time (ms)->16.0,Max Move-Log Cost->20.0,Num. States->839.0,Move-Model Fitness->1.0,Trace Fitness->1.0,Max Fitness Cost->26.0,Move-Log Fitness->1.0,Trace Length->20.0,Queued States->1633.0
273C063369413F0CFA2BA7EE26CC4175,Raw Fitness Cost->4.0,Calculation Time (ms)->367.0,Max Move-Log Cost->19.0,Num. States->6744.0,Move-Model Fitness->0.9411764705882353,Trace Fitness->0.84,Max Fitness Cost->25.0,Move-Log Fitness->0.8421052631578947,Trace Length->19.0,Queued States->10583.0
2A19620326A54105C6D907FA6EFA6287,Raw Fitness Cost->1.0,Calculation Time (ms)->215.0,Max Move-Log Cost->16.0,Num. States->4157.0,Move-Model Fitness->1.0,Trace Fitness->0.9545454545454546,Max Fitness Cost->22.0,Move-Log Fitness->0.9375,Trace Length->16.0,Queued States->7965.0
2A8643127920DFF3A2ECFCD7FF2749D0,Raw Fitness Cost->0.0,Calculation Time (ms)->380.0,Max Move-Log Cost->16.0,Num. States->4435.0,Move-Model Fitness->1.0,Trace Fitness->1.0,Max Fitness Cost->22.0,Move-Log Fitness->1.0,Trace Length->16.0,Queued States->8134.0
2B7DC9EB2BA8BAA3150715ED3A6E05CF,Raw Fitness Cost->0.0,Calculation Time (ms)->33.0,Max Move-Log Cost->10.0,Num. States->493.0,Move-Model Fitness->1.0,Trace Fitness->1.0,Max Fitness Cost->16.0,Move-Log Fitness->1.0,Trace Length->10.0,Queued States->1143.0
2BF4026ADADF0BAA2179BC9D75E5FE7B,Raw Fitness Cost->0.0,Calculation Time (ms)->62.0,Max Move-Log Cost->22.0,Num. States->2422.0,Move-Model Fitness->1.0,Trace Fitness->1.0,Max Fitness Cost->28.0,Move-Log Fitness->1.0,Trace Length->22.0,Queued States->3875.0
2C7BFD8BAB184B14F04E5C90801C5E28,Raw Fitness Cost->0.0,Calculation Time (ms)->30.0,Max Move-Log Cost->16.0,Num. States->646.0,Move-Model Fitness->1.0,Trace Fitness->1.0,Max Fitness Cost->22.0,Move-Log Fitness->1.0,Trace Length->16.0,Queued States->1230.0
2C7E81339B15D0153B2922864A3EF451,Raw Fitness Cost->0.0,Calculation Time (ms)->160.0,Max Move-Log Cost->16.0,Num. States->634.0,Move-Model Fitness->1.0,Trace Fitness->1.0,Max Fitness Cost->22.0,Move-Log Fitness->1.0,Trace Length->16.0,Queued States->1224.0
2D0295A86389D9508E1D878AFC8D99A5,Raw Fitness Cost->4.0,Calculation Time (ms)->1525.0,Max Move-Log Cost->22.0,Num. States->17879.0,Move-Model Fitness->0.8461538461538461,Trace Fitness->0.8571428571428572,Max Fitness Cost->28.0,Move-Log Fitness->1.0,Trace Length->22.0,Queued States->21300.0
2E357595174D90913EA77ABEA213B440,Raw Fitness Cost->3.0,Calculation Time (ms)->290.0,Max Move-Log Cost->11.0,Num. States->3168.0,Move-Model Fitness->0.9,Trace Fitness->0.8235294117647058,Max Fitness Cost->17.0,Move-Log Fitness->0.8181818181818181,Trace Length->11.0,Queued States->5575.0
2E7C0924F3BC6F17A5E8CC5709CCBF6A,Raw Fitness Cost->0.0,Calculation Time (ms)->142.0,Max Move-Log Cost->15.0,Num. States->2052.0,Move-Model Fitness->1.0,Trace Fitness->1.0,Max Fitness Cost->21.0,Move-Log Fitness->1.0,Trace Length->15.0,Queued States->3464.0
2EE40D4C3E04204F8FA2498AD09CE2CD,Raw Fitness Cost->1.0,Calculation Time (ms)->1226.0,Max Move-Log Cost->24.0,Num. States->13515.0,Move-Model Fitness->0.96,Trace Fitness->0.9666666666666667,Max Fitness Cost->30.0,Move-Log Fitness->1.0,Trace Length->24.0,Queued States->17728.0
2FF4CA214992107A2669CA285E490EF0,Raw Fitness Cost->2.0,Calculation Time (ms)->158.0,Max Move-Log Cost->18.0,Num. States->3719.0,Move-Model Fitness->0.9444444444444444,Trace Fitness->0.9166666666666666,Max Fitness Cost->24.0,Move-Log Fitness->0.9444444444444444,Trace Length->18.0,Queued States->6453.0
30284365D98328FCA0B99F4DE752EAD6,Raw Fitness Cost->4.0,Calculation Time (ms)->497.0,Max Move-Log Cost->7.0,Num. States->6872.0,Move-Model Fitness->0.7142857142857143,Trace Fitness->0.6923076923076923,Max Fitness Cost->13.0,Move-Log Fitness->0.7142857142857143,Trace Length->7.0,Queued States->9500.0
303EA1147236C406605628FCD696CAA3,Raw Fitness Cost->1.0,Calculation Time (ms)->114.0,Max Move-Log Cost->11.0,Num. States->1694.0,Move-Model Fitness->1.0,Trace Fitness->0.9411764705882353,Max Fitness Cost->17.0,Move-Log Fitness->0.9090909090909091,Trace Length->11.0,Queued States->4209.0
325F207F9EE33B6773627F88CA187B8B,Raw Fitness Cost->1.0,Calculation Time (ms)->83.0,Max Move-Log Cost->15.0,Num. States->829.0,Move-Model Fitness->1.0,Trace Fitness->0.9523809523809523,Max Fitness Cost->21.0,Move-Log Fitness->0.9333333333333333,Trace Length->15.0,Queued States->2087.0
326EFE00289D668F72FA55F26326C0A3,Raw Fitness Cost->1.0,Calculation Time (ms)->12.0,Max Move-Log Cost->10.0,Num. States->702.0,Move-Model Fitness->0.9090909090909091,Trace Fitness->0.9375,Max Fitness Cost->16.0,Move-Log Fitness->1.0,Trace Length->10.0,Queued States->1595.0
33051449D2C39309F5E3A903F32E6949,Raw Fitness Cost->2.0,Calculation Time (ms)->930.0,Max Move-Log Cost->13.0,Num. States->9219.0,Move-Model Fitness->0.8666666666666667,Trace Fitness->0.8947368421052632,Max Fitness Cost->19.0,Move-Log Fitness->1.0,Trace Length->13.0,Queued States->12854.0
3545764D9EA7FDA3259344F2527C1CA3,Raw Fitness Cost->2.0,Calculation Time (ms)->664.0,Max Move-Log Cost->16.0,Num. States->6357.0,Move-Model Fitness->0.8888888888888888,Trace Fitness->0.9090909090909091,Max Fitness Cost->22.0,Move-Log Fitness->1.0,Trace Length->16.0,Queued States->9477.0
35836FE17AB5E860A8F67DB781D219DC,Raw Fitness Cost->1.0,Calculation Time (ms)->253.0,Max Move-Log Cost->23.0,Num. States->2842.0,Move-Model Fitness->1.0,Trace Fitness->0.9655172413793104,Max Fitness Cost->29.0,Move-Log Fitness->0.9565217391304348,Trace Length->23.0,Queued States->4660.0
35F7D176A141ADF84222DA5B5E6A478F,Raw Fitness Cost->0.0,Calculation Time (ms)->44.0,Max Move-Log Cost->14.0,Num. States->602.0,Move-Model Fitness->1.0,Trace Fitness->1.0,Max Fitness Cost->20.0,Move-Log Fitness->1.0,Trace Length->14.0,Queued States->1648.0
36BDD26D435F4ADC52C1C9299879346D,Raw Fitness Cost->0.0,Calculation Time (ms)->112.0,Max Move-Log Cost->13.0,Num. States->769.0,Move-Model Fitness->1.0,Trace Fitness->1.0,Max Fitness Cost->19.0,Move-Log Fitness->1.0,Trace Length->13.0,Queued States->1392.0
384DFFB6AE2D96AA58AFA28AE27AD081,Raw Fitness Cost->1.0,Calculation Time (ms)->391.0,Max Move-Log Cost->11.0,Num. States->3109.0,Move-Model Fitness->0.9166666666666666,Trace Fitness->0.9411764705882353,Max Fitness Cost->17.0,Move-Log Fitness->1.0,Trace Length->11.0,Queued States->5481.0
388DF0867D2AF33687254E2225811C01,Raw Fitness Cost->1.0,Calculation Time (ms)->250.0,Max Move-Log Cost->11.0,Num. States->1486.0,Move-Model Fitness->1.0,Trace Fitness->0.9411764705882353,Max Fitness Cost->17.0,Move-Log Fitness->0.9090909090909091,Trace Length->11.0,Queued States->3375.0
3918CF4B8FA4BE2B58A8B9D4CADE66BB,Raw Fitness Cost->2.0,Calculation Time (ms)->605.0,Max Move-Log Cost->18.0,Num. States->7802.0,Move-Model Fitness->0.9,Trace Fitness->0.9166666666666666,Max Fitness Cost->24.0,Move-Log Fitness->1.0,Trace Length->18.0,Queued States->12799.0
3ADAA1EE7B01BE1B4B3AFB14C88D96AB,Raw Fitness Cost->3.0,Calculation Time (ms)->320.0,Max Move-Log Cost->10.0,Num. States->4145.0,Move-Model Fitness->0.8888888888888888,Trace Fitness->0.8125,Max Fitness Cost->16.0,Move-Log Fitness->0.8,Trace Length->10.0,Queued States->6218.0
3C5354FB7CB8AA60736A779EBA5DF1E4,Raw Fitness Cost->1.0,Calculation Time (ms)->171.0,Max Move-Log Cost->13.0,Num. States->2153.0,Move-Model Fitness->0.9285714285714286,Trace Fitness->0.9473684210526316,Max Fitness Cost->19.0,Move-Log Fitness->1.0,Trace Length->13.0,Queued States->4589.0
3C7DD93C8C7094F831909E1F63A44E6E,Raw Fitness Cost->1.0,Calculation Time (ms)->132.0,Max Move-Log Cost->16.0,Num. States->1757.0,Move-Model Fitness->0.9411764705882353,Trace Fitness->0.9545454545454546,Max Fitness Cost->22.0,Move-Log Fitness->1.0,Trace Length->16.0,Queued States->3273.0
3D852C3BF15D5E6F2A72291EA4556FA9,Raw Fitness Cost->0.0,Calculation Time (ms)->11.0,Max Move-Log Cost->14.0,Num. States->434.0,Move-Model Fitness->1.0,Trace Fitness->1.0,Max Fitness Cost->20.0,Move-Log Fitness->1.0,Trace Length->14.0,Queued States->1188.0
3DBCDF0B564542D3F5B8BB386CE30840,Raw Fitness Cost->4.0,Calculation Time (ms)->487.0,Max Move-Log Cost->18.0,Num. States->9007.0,Move-Model Fitness->0.9375,Trace Fitness->0.8333333333333334,Max Fitness Cost->24.0,Move-Log Fitness->0.8333333333333334,Trace Length->18.0,Queued States->13740.0
40AD68743142E3FE0132F7AFF81398EA,Raw Fitness Cost->8.0,Calculation Time (ms)->791.0,Max Move-Log Cost->22.0,Num. States->14585.0,Move-Model Fitness->0.9375,Trace Fitness->0.7142857142857143,Max Fitness Cost->28.0,Move-Log Fitness->0.6818181818181819,Trace Length->22.0,Queued States->19799.0
41B12B611AD52E6E12941DD05D79E506,Raw Fitness Cost->3.0,Calculation Time (ms)->287.0,Max Move-Log Cost->16.0,Num. States->5064.0,Move-Model Fitness->0.9333333333333333,Trace Fitness->0.8636363636363636,Max Fitness Cost->22.0,Move-Log Fitness->0.875,Trace Length->16.0,Queued States->7996.0
41FABEA5B9231A510305C4D71F569A99,Raw Fitness Cost->0.0,Calculation Time (ms)->246.0,Max Move-Log Cost->35.0,Num. States->3671.0,Move-Model Fitness->1.0,Trace Fitness->1.0,Max Fitness Cost->41.0,Move-Log Fitness->1.0,Trace Length->35.0,Queued States->5674.0
454317A99869FDE150FDBB887AC95508,Raw Fitness Cost->1.0,Calculation Time (ms)->98.0,Max Move-Log Cost->15.0,Num. States->2899.0,Move-Model Fitness->0.9375,Trace Fitness->0.9523809523809523,Max Fitness Cost->21.0,Move-Log Fitness->1.0,Trace Length->15.0,Queued States->4800.0
469BA6993610EE1CE7E1C9CDA992F759,Raw Fitness Cost->1.0,Calculation Time (ms)->83.0,Max Move-Log Cost->23.0,Num. States->2295.0,Move-Model Fitness->1.0,Trace Fitness->0.9655172413793104,Max Fitness Cost->29.0,Move-Log Fitness->0.9565217391304348,Trace Length->23.0,Queued States->4011.0
46E5E7F09A18E4CEFE5F14603F610AF8,Raw Fitness Cost->3.0,Calculation Time (ms)->1747.0,Max Move-Log Cost->28.0,Num. States->24053.0,Move-Model Fitness->0.9032258064516129,Trace Fitness->0.9117647058823529,Max Fitness Cost->34.0,Move-Log Fitness->1.0,Trace Length->28.0,Queued States->27093.0
477457B238A40CD4657C4101C13A3C2D,Raw Fitness Cost->1.0,Calculation Time (ms)->515.0,Max Move-Log Cost->26.0,Num. States->4834.0,Move-Model Fitness->0.962962962962963,Trace Fitness->0.96875,Max Fitness Cost->32.0,Move-Log Fitness->1.0,Trace Length->26.0,Queued States->9095.0
4A9E8A7CC328877607A1237C0D5C711A,Raw Fitness Cost->1.0,Calculation Time (ms)->999.0,Max Move-Log Cost->17.0,Num. States->16372.0,Move-Model Fitness->0.9444444444444444,Trace Fitness->0.9565217391304348,Max Fitness Cost->23.0,Move-Log Fitness->1.0,Trace Length->17.0,Queued States->21957.0
4BCF9FD2D6665626096A746D835F9F2F,Raw Fitness Cost->2.0,Calculation Time (ms)->306.0,Max Move-Log Cost->15.0,Num. States->3913.0,Move-Model Fitness->0.9333333333333333,Trace Fitness->0.9047619047619048,Max Fitness Cost->21.0,Move-Log Fitness->0.9333333333333333,Trace Length->15.0,Queued States->6244.0
4D2AE5CF758E07B78E22309B77EAE41B,Raw Fitness Cost->2.0,Calculation Time (ms)->1295.0,Max Move-Log Cost->18.0,Num. States->19500.0,Move-Model Fitness->0.9,Trace Fitness->0.9166666666666666,Max Fitness Cost->24.0,Move-Log Fitness->1.0,Trace Length->18.0,Queued States->23841.0
4E5E0CBF7D7F8A4915F5D98280A5410D,Raw Fitness Cost->1.0,Calculation Time (ms)->239.0,Max Move-Log Cost->17.0,Num. States->3225.0,Move-Model Fitness->0.9444444444444444,Trace Fitness->0.9565217391304348,Max Fitness Cost->23.0,Move-Log Fitness->1.0,Trace Length->17.0,Queued States->5137.0
4F655BD47E3D3BABE607D62ED46C9B3E,Raw Fitness Cost->1.0,Calculation Time (ms)->217.0,Max Move-Log Cost->23.0,Num. States->4293.0,Move-Model Fitness->1.0,Trace Fitness->0.9655172413793104,Max Fitness Cost->29.0,Move-Log Fitness->0.9565217391304348,Trace Length->23.0,Queued States->7010.0
50752A45663A16A7EC365C491D53A3D1,Raw Fitness Cost->1.0,Calculation Time (ms)->76.0,Max Move-Log Cost->12.0,Num. States->1888.0,Move-Model Fitness->0.9230769230769231,Trace Fitness->0.9444444444444444,Max Fitness Cost->18.0,Move-Log Fitness->1.0,Trace Length->12.0,Queued States->4072.0
516AB5F9AA320D4571EC53E8D1F159AC,Raw Fitness Cost->4.0,Calculation Time (ms)->121.0,Max Move-Log Cost->4.0,Num. States->3765.0,Move-Model Fitness->0.5,Trace Fitness->0.6,Max Fitness Cost->10.0,Move-Log Fitness->0.75,Trace Length->4.0,Queued States->5682.0
52FD5C11B2140F0BC63AE37F7808AFD4,Raw Fitness Cost->7.0,Calculation Time (ms)->549.0,Max Move-Log Cost->10.0,Num. States->10538.0,Move-Model Fitness->0.6666666666666667,Trace Fitness->0.5625,Max Fitness Cost->16.0,Move-Log Fitness->0.6,Trace Length->10.0,Queued States->13262.0
5347EEA195E50A3C5F2E160F6DD9A93F,Raw Fitness Cost->2.0,Calculation Time (ms)->209.0,Max Move-Log Cost->16.0,Num. States->4171.0,Move-Model Fitness->0.9375,Trace Fitness->0.9090909090909091,Max Fitness Cost->22.0,Move-Log Fitness->0.9375,Trace Length->16.0,Queued States->6992.0
53657D691ED8BB0CC726C445CF96330B,Raw Fitness Cost->1.0,Calculation Time (ms)->50.0,Max Move-Log Cost->7.0,Num. States->1311.0,Move-Model Fitness->0.875,Trace Fitness->0.9230769230769231,Max Fitness Cost->13.0,Move-Log Fitness->1.0,Trace Length->7.0,Queued States->3152.0
553B81BE79462A9B1D107F790D71798F,Raw Fitness Cost->3.0,Calculation Time (ms)->349.0,Max Move-Log Cost->16.0,Num. States->6025.0,Move-Model Fitness->0.9333333333333333,Trace Fitness->0.8636363636363636,Max Fitness Cost->22.0,Move-Log Fitness->0.875,Trace Length->16.0,Queued States->9141.0
5814FF6F18EB01746D52035FBC7CC111,Raw Fitness Cost->0.0,Calculation Time (ms)->24.0,Max Move-Log Cost->15.0,Num. States->1060.0,Move-Model Fitness->1.0,Trace Fitness->1.0,Max Fitness Cost->21.0,Move-Log Fitness->1.0,Trace Length->15.0,Queued States->1987.0
586E850F0EDAE9FFC4B94925453939DA,Raw Fitness Cost->2.0,Calculation Time (ms)->276.0,Max Move-Log Cost->19.0,Num. States->4157.0,Move-Model Fitness->0.9473684210526316,Trace Fitness->0.92,Max Fitness Cost->25.0,Move-Log Fitness->0.9473684210526316,Trace Length->19.0,Queued States->6378.0
59660DC49C54F7128C2B9D339D817E77,Raw Fitness Cost->3.0,Calculation Time (ms)->507.0,Max Move-Log Cost->18.0,Num. States->6877.0,Move-Model Fitness->0.9411764705882353,Trace Fitness->0.875,Max Fitness Cost->24.0,Move-Log Fitness->0.8888888888888888,Trace Length->18.0,Queued States->11196.0
5A51B9743368B44A4CF44F4A86B6BA51,Raw Fitness Cost->4.0,Calculation Time (ms)->844.0,Max Move-Log Cost->12.0,Num. States->12491.0,Move-Model Fitness->0.9,Trace Fitness->0.7777777777777778,Max Fitness Cost->18.0,Move-Log Fitness->0.75,Trace Length->12.0,Queued States->16890.0
5A6F5B95C1C0CCA546FE3836A5BEB601,Raw Fitness Cost->4.0,Calculation Time (ms)->299.0,Max Move-Log Cost->13.0,Num. States->4811.0,Move-Model Fitness->0.8461538461538461,Trace Fitness->0.7894736842105263,Max Fitness Cost->19.0,Move-Log Fitness->0.8461538461538461,Trace Length->13.0,Queued States->7506.0
5ACC7E1FE1C6D4452A42489F6190845E,Raw Fitness Cost->3.0,Calculation Time (ms)->256.0,Max Move-Log Cost->15.0,Num. States->2960.0,Move-Model Fitness->0.9285714285714286,Trace Fitness->0.8571428571428572,Max Fitness Cost->21.0,Move-Log Fitness->0.8666666666666667,Trace Length->15.0,Queued States->6028.0
5E071765DF5A381541D7EB0BBD38C5F3,Raw Fitness Cost->2.0,Calculation Time (ms)->401.0,Max Move-Log Cost->15.0,Num. States->5493.0,Move-Model Fitness->0.9333333333333333,Trace Fitness->0.9047619047619048,Max Fitness Cost->21.0,Move-Log Fitness->0.9333333333333333,Trace Length->15.0,Queued States->9435.0
5F0DFFAC2BB7B2C049D565BA371DFD59,Raw Fitness Cost->1.0,Calculation Time (ms)->254.0,Max Move-Log Cost->17.0,Num. States->3224.0,Move-Model Fitness->1.0,Trace Fitness->0.9565217391304348,Max Fitness Cost->23.0,Move-Log Fitness->0.9411764705882353,Trace Length->17.0,Queued States->5250.0
5F5854DC23D511049169A1527C41B26D,Raw Fitness Cost->1.0,Calculation Time (ms)->152.0,Max Move-Log Cost->16.0,Num. States->2613.0,Move-Model Fitness->0.9411764705882353,Trace Fitness->0.9545454545454546,Max Fitness Cost->22.0,Move-Log Fitness->1.0,Trace Length->16.0,Queued States->4848.0
6234A9333BD1C587A02D126AA9E8FA6E,Raw Fitness Cost->0.0,Calculation Time (ms)->90.0,Max Move-Log Cost->13.0,Num. States->1684.0,Move-Model Fitness->1.0,Trace Fitness->1.0,Max Fitness Cost->19.0,Move-Log Fitness->1.0,Trace Length->13.0,Queued States->3488.0
6446E7926B5E36D36EA32C6FE697BB63,Raw Fitness Cost->1.0,Calculation Time (ms)->259.0,Max Move-Log Cost->18.0,Num. States->3219.0,Move-Model Fitness->0.9473684210526316,Trace Fitness->0.9583333333333334,Max Fitness Cost->24.0,Move-Log Fitness->1.0,Trace Length->18.0,Queued States->5230.0
678C4E77A4501C0AA2036B78882BD8A4,Raw Fitness Cost->1.0,Calculation Time (ms)->171.0,Max Move-Log Cost->20.0,Num. States->2659.0,Move-Model Fitness->1.0,Trace Fitness->0.9615384615384616,Max Fitness Cost->26.0,Move-Log Fitness->0.95,Trace Length->20.0,Queued States->4575.0
6924448B9013693346BA6221CCFF633B,Raw Fitness Cost->3.0,Calculation Time (ms)->452.0,Max Move-Log Cost->21.0,Num. States->5660.0,Move-Model Fitness->0.95,Trace Fitness->0.8888888888888888,Max Fitness Cost->27.0,Move-Log Fitness->0.9047619047619048,Trace Length->21.0,Queued States->9077.0
6AC2494A6723AC3C16C28E38A74AAF38,Raw Fitness Cost->1.0,Calculation Time (ms)->39.0,Max Move-Log Cost->10.0,Num. States->702.0,Move-Model Fitness->1.0,Trace Fitness->0.9375,Max Fitness Cost->16.0,Move-Log Fitness->0.9,Trace Length->10.0,Queued States->1797.0
6C254D75FB2B3965334E9D0A973686F5,Raw Fitness Cost->4.0,Calculation Time (ms)->307.0,Max Move-Log Cost->11.0,Num. States->5703.0,Move-Model Fitness->0.8888888888888888,Trace Fitness->0.7647058823529411,Max Fitness Cost->17.0,Move-Log Fitness->0.7272727272727273,Trace Length->11.0,Queued States->8842.0
6D94B43CE0DB84E8A6FDB0FCFED04594,Raw Fitness Cost->5.0,Calculation Time (ms)->914.0,Max Move-Log Cost->24.0,Num. States->14285.0,Move-Model Fitness->0.9523809523809523,Trace Fitness->0.8333333333333334,Max Fitness Cost->30.0,Move-Log Fitness->0.8333333333333334,Trace Length->24.0,Queued States->20997.0
6DED3768D8C426F41CC4EEFFC17CDC29,Raw Fitness Cost->2.0,Calculation Time (ms)->210.0,Max Move-Log Cost->5.0,Num. States->3372.0,Move-Model Fitness->0.7142857142857143,Trace Fitness->0.8181818181818181,Max Fitness Cost->11.0,Move-Log Fitness->1.0,Trace Length->5.0,Queued States->5416.0
6E0BE21DEA55A918CC67D4234D8E8FA7,Raw Fitness Cost->3.0,Calculation Time (ms)->643.0,Max Move-Log Cost->22.0,Num. States->10266.0,Move-Model Fitness->0.9130434782608696,Trace Fitness->0.8928571428571429,Max Fitness Cost->28.0,Move-Log Fitness->0.9545454545454546,Trace Length->22.0,Queued States->14927.0
6F247A01873051396A781769F4EAD841,Raw Fitness Cost->2.0,Calculation Time (ms)->175.0,Max Move-Log Cost->16.0,Num. States->2396.0,Move-Model Fitness->0.9375,Trace Fitness->0.9090909090909091,Max Fitness Cost->22.0,Move-Log Fitness->0.9375,Trace Length->16.0,Queued States->4471.0
6FDCD9FDD6D285B6BCF71BB06D9FB5F1,Raw Fitness Cost->1.0,Calculation Time (ms)->126.0,Max Move-Log Cost->13.0,Num. States->866.0,Move-Model Fitness->1.0,Trace Fitness->0.9473684210526316,Max Fitness Cost->19.0,Move-Log Fitness->0.9230769230769231,Trace Length->13.0,Queued States->2646.0
6FE5EE61DA0D17E1CFB2E9F77F95BA61,Raw Fitness Cost->5.0,Calculation Time (ms)->504.0,Max Move-Log Cost->8.0,Num. States->7963.0,Move-Model Fitness->0.6666666666666667,Trace Fitness->0.6428571428571428,Max Fitness Cost->14.0,Move-Log Fitness->0.75,Trace Length->8.0,Queued States->10932.0
71DAE8FC159CF9660CE38C29EE37A4EB,Raw Fitness Cost->4.0,Calculation Time (ms)->213.0,Max Move-Log Cost->13.0,Num. States->3722.0,Move-Model Fitness->0.8461538461538461,Trace Fitness->0.7894736842105263,Max Fitness Cost->19.0,Move-Log Fitness->0.8461538461538461,Trace Length->13.0,Queued States->6031.0
73759B3F25F21FC400A055F7BDF81240,Raw Fitness Cost->2.0,Calculation Time (ms)->286.0,Max Move-Log Cost->14.0,Num. States->4834.0,Move-Model Fitness->0.9285714285714286,Trace Fitness->0.9,Max Fitness Cost->20.0,Move-Log Fitness->0.9285714285714286,Trace Length->14.0,Queued States->7976.0
74FF791B5004E46FAB573F866940A687,Raw Fitness Cost->2.0,Calculation Time (ms)->282.0,Max Move-Log Cost->15.0,Num. States->4511.0,Move-Model Fitness->0.9333333333333333,Trace Fitness->0.9047619047619048,Max Fitness Cost->21.0,Move-Log Fitness->0.9333333333333333,Trace Length->15.0,Queued States->7708.0
752B4032D9EC0A485B272CCA1462DAE2,Raw Fitness Cost->11.0,Calculation Time (ms)->1437.0,Max Move-Log Cost->28.0,Num. States->26241.0,Move-Model Fitness->0.9047619047619048,Trace Fitness->0.6764705882352942,Max Fitness Cost->34.0,Move-Log Fitness->0.6785714285714286,Trace Length->28.0,Queued States->29801.0
7862160FD4CF2FC7F69B713F87958680,Raw Fitness Cost->2.0,Calculation Time (ms)->460.0,Max Move-Log Cost->16.0,Num. States->7409.0,Move-Model Fitness->0.8888888888888888,Trace Fitness->0.9090909090909091,Max Fitness Cost->22.0,Move-Log Fitness->1.0,Trace Length->16.0,Queued States->11133.0
78910C2A7A70D9E6A76A6DA33B7B83C5,Raw Fitness Cost->0.0,Calculation Time (ms)->256.0,Max Move-Log Cost->14.0,Num. States->1712.0,Move-Model Fitness->1.0,Trace Fitness->1.0,Max Fitness Cost->20.0,Move-Log Fitness->1.0,Trace Length->14.0,Queued States->3186.0
791137F1C3D6B9A8AEE73C41F187C7FC,Raw Fitness Cost->7.0,Calculation Time (ms)->662.0,Max Move-Log Cost->18.0,Num. States->11207.0,Move-Model Fitness->0.9230769230769231,Trace Fitness->0.7083333333333333,Max Fitness Cost->24.0,Move-Log Fitness->0.6666666666666667,Trace Length->18.0,Queued States->15687.0
7969CADC9B2FC15EE8769D4BCD2E9750,Raw Fitness Cost->5.0,Calculation Time (ms)->377.0,Max Move-Log Cost->17.0,Num. States->5225.0,Move-Model Fitness->0.9285714285714286,Trace Fitness->0.782608695652174,Max Fitness Cost->23.0,Move-Log Fitness->0.7647058823529411,Trace Length->17.0,Queued States->7235.0
79F449C842544B4CE79E205895A6E309,Raw Fitness Cost->2.0,Calculation Time (ms)->979.0,Max Move-Log Cost->17.0,Num. States->17886.0,Move-Model Fitness->0.8947368421052632,Trace Fitness->0.9130434782608696,Max Fitness Cost->23.0,Move-Log Fitness->1.0,Trace Length->17.0,Queued States->22227.0
7A8EBE188828EE94FB17BBA3AAB503D3,Raw Fitness Cost->0.0,Calculation Time (ms)->15.0,Max Move-Log Cost->15.0,Num. States->495.0,Move-Model Fitness->1.0,Trace Fitness->1.0,Max Fitness Cost->21.0,Move-Log Fitness->1.0,Trace Length->15.0,Queued States->1161.0
7AB91C7A0F13131967BAFE1F17802D8E,Raw Fitness Cost->2.0,Calculation Time (ms)->108.0,Max Move-Log Cost->12.0,Num. States->1829.0,Move-Model Fitness->0.9166666666666666,Trace Fitness->0.8888888888888888,Max Fitness Cost->18.0,Move-Log Fitness->0.9166666666666666,Trace Length->12.0,Queued States->3952.0
7CD84CF83EA2EEE587195C8250249962,Raw Fitness Cost->3.0,Calculation Time (ms)->341.0,Max Move-Log Cost->9.0,Num. States->7036.0,Move-Model Fitness->0.75,Trace Fitness->0.8,Max Fitness Cost->15.0,Move-Log Fitness->1.0,Trace Length->9.0,Queued States->9902.0
7E5F2939A9F40D7AFC04073FE8FB0076,Raw Fitness Cost->4.0,Calculation Time (ms)->252.0,Max Move-Log Cost->6.0,Num. States->4864.0,Move-Model Fitness->0.6,Trace Fitness->0.6666666666666667,Max Fitness Cost->12.0,Move-Log Fitness->1.0,Trace Length->6.0,Queued States->7245.0
80F89EBAACEB031A7353D72A082F9B18,Raw Fitness Cost->4.0,Calculation Time (ms)->484.0,Max Move-Log Cost->10.0,Num. States->10711.0,Move-Model Fitness->0.7142857142857143,Trace Fitness->0.75,Max Fitness Cost->16.0,Move-Log Fitness->1.0,Trace Length->10.0,Queued States->13323.0
81959FEC2E068939FAA1BD70DE9B384C,Raw Fitness Cost->1.0,Calculation Time (ms)->127.0,Max Move-Log Cost->10.0,Num. States->2084.0,Move-Model Fitness->0.9090909090909091,Trace Fitness->0.9375,Max Fitness Cost->16.0,Move-Log Fitness->1.0,Trace Length->10.0,Queued States->3927.0
821C395F9C39E4F5AB78BF2689907BDC,Raw Fitness Cost->2.0,Calculation Time (ms)->82.0,Max Move-Log Cost->15.0,Num. States->2111.0,Move-Model Fitness->0.9333333333333333,Trace Fitness->0.9047619047619048,Max Fitness Cost->21.0,Move-Log Fitness->0.9333333333333333,Trace Length->15.0,Queued States->4229.0
8241E7ACA2E4CDCFED1C2066CFDDF9FC,Raw Fitness Cost->0.0,Calculation Time (ms)->162.0,Max Move-Log Cost->17.0,Num. States->3701.0,Move-Model Fitness->1.0,Trace Fitness->1.0,Max Fitness Cost->23.0,Move-Log Fitness->1.0,Trace Length->17.0,Queued States->6500.0
83FC373E280BC5C8F3AE7BCDCC915C7E,Raw Fitness Cost->3.0,Calculation Time (ms)->227.0,Max Move-Log Cost->13.0,Num. States->6422.0,Move-Model Fitness->0.8125,Trace Fitness->0.8421052631578947,Max Fitness Cost->19.0,Move-Log Fitness->1.0,Trace Length->13.0,Queued States->9684.0
845F469B862D5D9C486F48BF3CCB70B1,Raw Fitness Cost->2.0,Calculation Time (ms)->87.0,Max Move-Log Cost->10.0,Num. States->1675.0,Move-Model Fitness->0.8333333333333334,Trace Fitness->0.875,Max Fitness Cost->16.0,Move-Log Fitness->1.0,Trace Length->10.0,Queued States->3377.0
85412BB21314E0211188D1F8226EE7C9,Raw Fitness Cost->3.0,Calculation Time (ms)->566.0,Max Move-Log Cost->10.0,Num. States->10921.0,Move-Model Fitness->0.7692307692307692,Trace Fitness->0.8125,Max Fitness Cost->16.0,Move-Log Fitness->1.0,Trace Length->10.0,Queued States->13965.0
858BE9153E0D2C57A238E9DFAEBC9B81,Raw Fitness Cost->0.0,Calculation Time (ms)->77.0,Max Move-Log Cost->18.0,Num. States->2002.0,Move-Model Fitness->1.0,Trace Fitness->1.0,Max Fitness Cost->24.0,Move-Log Fitness->1.0,Trace Length->18.0,Queued States->3609.0
85E77B187D5748AE37B6D1E0808AAA20,Raw Fitness Cost->0.0,Calculation Time (ms)->55.0,Max Move-Log Cost->16.0,Num. States->672.0,Move-Model Fitness->1.0,Trace Fitness->1.0,Max Fitness Cost->22.0,Move-Log Fitness->1.0,Trace Length->16.0,Queued States->1753.0
870BB988F5448E1298C998853D53EA4B,Raw Fitness Cost->4.0,Calculation Time (ms)->212.0,Max Move-Log Cost->5.0,Num. States->4636.0,Move-Model Fitness->0.5714285714285714,Trace Fitness->0.6363636363636364,Max Fitness Cost->11.0,Move-Log Fitness->0.8,Trace Length->5.0,Queued States->6935.0
886E71FB44BC2643E3CE4C2E101E7546,Raw Fitness Cost->1.0,Calculation Time (ms)->16.0,Max Move-Log Cost->10.0,Num. States->879.0,Move-Model Fitness->0.9090909090909091,Trace Fitness->0.9375,Max Fitness Cost->16.0,Move-Log Fitness->1.0,Trace Length->10.0,Queued States->1908.0
8B12C696F7411F522F37916873D2E353,Raw Fitness Cost->3.0,Calculation Time (ms)->156.0,Max Move-Log Cost->16.0,Num. States->4072.0,Move-Model Fitness->0.9333333333333333,Trace Fitness->0.8636363636363636,Max Fitness Cost->22.0,Move-Log Fitness->0.875,Trace Length->16.0,Queued States->6857.0
8CEB6289217BAD4A3F1BBA1436B023B7,Raw Fitness Cost->0.0,Calculation Time (ms)->56.0,Max Move-Log Cost->14.0,Num. States->1146.0,Move-Model Fitness->1.0,Trace Fitness->1.0,Max Fitness Cost->20.0,Move-Log Fitness->1.0,Trace Length->14.0,Queued States->2321.0
8D4AD9559D9189A847C6ECE48EAD4258,Raw Fitness Cost->6.0,Calculation Time (ms)->606.0,Max Move-Log Cost->10.0,Num. States->11200.0,Move-Model Fitness->0.6428571428571428,Trace Fitness->0.625,Max Fitness Cost->16.0,Move-Log Fitness->0.9,Trace Length->10.0,Queued States->13411.0
8ED67A4EEC5BB523AACF532B6D9FA477,Raw Fitness Cost->3.0,Calculation Time (ms)->253.0,Max Move-Log Cost->16.0,Num. States->3854.0,Move-Model Fitness->0.8823529411764706,Trace Fitness->0.8636363636363636,Max Fitness Cost->22.0,Move-Log Fitness->0.9375,Trace Length->16.0,Queued States->5765.0
8F4C8B1B913272BD57A10DA2E9CDB2FD,Raw Fitness Cost->0.0,Calculation Time (ms)->51.0,Max Move-Log Cost->20.0,Num. States->1630.0,Move-Model Fitness->1.0,Trace Fitness->1.0,Max Fitness Cost->26.0,Move-Log Fitness->1.0,Trace Length->20.0,Queued States->2765.0
904611C686B4C953D0A419A3F550DAAA,Raw Fitness Cost->1.0,Calculation Time (ms)->283.0,Max Move-Log Cost->17.0,Num. States->4087.0,Move-Model Fitness->0.9444444444444444,Trace Fitness->0.9565217391304348,Max Fitness Cost->23.0,Move-Log Fitness->1.0,Trace Length->17.0,Queued States->6617.0
90C4E94CB1F80FE19BAA591203C8380C,Raw Fitness Cost->3.0,Calculation Time (ms)->339.0,Max Move-Log Cost->19.0,Num. States->5128.0,Move-Model Fitness->0.9444444444444444,Trace Fitness->0.88,Max Fitness Cost->25.0,Move-Log Fitness->0.8947368421052632,Trace Length->19.0,Queued States->9274.0
915F2D1AB929BB21BEE26D13A826C4FA,Raw Fitness Cost->2.0,Calculation Time (ms)->275.0,Max Move-Log Cost->14.0,Num. States->3963.0,Move-Model Fitness->0.9285714285714286,Trace Fitness->0.9,Max Fitness Cost->20.0,Move-Log Fitness->0.9285714285714286,Trace Length->14.0,Queued States->7183.0
93CD808273129B149024347EE86059FC,Raw Fitness Cost->4.0,Calculation Time (ms)->382.0,Max Move-Log Cost->14.0,Num. States->5791.0,Move-Model Fitness->0.9166666666666666,Trace Fitness->0.8,Max Fitness Cost->20.0,Move-Log Fitness->0.7857142857142857,Trace Length->14.0,Queued States->9224.0
97673F5B75B2C79CB5DDAE323D111CA2,Raw Fitness Cost->0.0,Calculation Time (ms)->285.0,Max Move-Log Cost->10.0,Num. States->3026.0,Move-Model Fitness->1.0,Trace Fitness->1.0,Max Fitness Cost->16.0,Move-Log Fitness->1.0,Trace Length->10.0,Queued States->6257.0
99366B2F1025692FC0DF2A41BC99D439,Raw Fitness Cost->2.0,Calculation Time (ms)->630.0,Max Move-Log Cost->27.0,Num. States->11778.0,Move-Model Fitness->0.962962962962963,Trace Fitness->0.9393939393939394,Max Fitness Cost->33.0,Move-Log Fitness->0.962962962962963,Trace Length->27.0,Queued States->17461.0
9C80E81E8926BE587D23DF0CE7552598,Raw Fitness Cost->4.0,Calculation Time (ms)->782.0,Max Move-Log Cost->13.0,Num. States->12819.0,Move-Model Fitness->0.8461538461538461,Trace Fitness->0.7894736842105263,Max Fitness Cost->19.0,Move-Log Fitness->0.8461538461538461,Trace Length->13.0,Queued States->16806.0
9D3DB78FB326378294393E29C8B5BF1C,Raw Fitness Cost->2.0,Calculation Time (ms)->171.0,Max Move-Log Cost->12.0,Num. States->2929.0,Move-Model Fitness->0.9166666666666666,Trace Fitness->0.8888888888888888,Max Fitness Cost->18.0,Move-Log Fitness->0.9166666666666666,Trace Length->12.0,Queued States->5449.0
9E8A53C7BE1D0DB3997915B2875A4444,Raw Fitness Cost->3.0,Calculation Time (ms)->239.0,Max Move-Log Cost->12.0,Num. States->3302.0,Move-Model Fitness->0.8461538461538461,Trace Fitness->0.8333333333333334,Max Fitness Cost->18.0,Move-Log Fitness->0.9166666666666666,Trace Length->12.0,Queued States->5618.0
9E8B69B03647BDEE21DC45AEDF456338,Raw Fitness Cost->7.0,Calculation Time (ms)->637.0,Max Move-Log Cost->11.0,Num. States->11737.0,Move-Model Fitness->0.7,Trace Fitness->0.5882352941176471,Max Fitness Cost->17.0,Move-Log Fitness->0.6363636363636364,Trace Length->11.0,Queued States->14741.0
9E9F548E5BA96BF36FE86784B6DF3A4A,Raw Fitness Cost->1.0,Calculation Time (ms)->23.0,Max Move-Log Cost->16.0,Num. States->991.0,Move-Model Fitness->0.9411764705882353,Trace Fitness->0.9545454545454546,Max Fitness Cost->22.0,Move-Log Fitness->1.0,Trace Length->16.0,Queued States->2015.0
9ECF890AD750BF1C35BAE53156F3831F,Raw Fitness Cost->1.0,Calculation Time (ms)->22.0,Max Move-Log Cost->14.0,Num. States->1207.0,Move-Model Fitness->0.9333333333333333,Trace Fitness->0.95,Max Fitness Cost->20.0,Move-Log Fitness->1.0,Trace Length->14.0,Queued States->2254.0
A5343280A00694035B30DED9ED84717F,Raw Fitness Cost->2.0,Calculation Time (ms)->330.0,Max Move-Log Cost->15.0,Num. States->6063.0,Move-Model Fitness->0.9333333333333333,Trace Fitness->0.9047619047619048,Max Fitness Cost->21.0,Move-Log Fitness->0.9333333333333333,Trace Length->15.0,Queued States->9848.0
A5E90AE9F6F693040BF4E397DCD0E33C,Raw Fitness Cost->3.0,Calculation Time (ms)->546.0,Max Move-Log Cost->28.0,Num. States->9923.0,Move-Model Fitness->0.962962962962963,Trace Fitness->0.9117647058823529,Max Fitness Cost->34.0,Move-Log Fitness->0.9285714285714286,Trace Length->28.0,Queued States->15927.0
A848FA41814846ED1FA13E35CB1E3927,Raw Fitness Cost->4.0,Calculation Time (ms)->209.0,Max Move-Log Cost->8.0,Num. States->2858.0,Move-Model Fitness->0.7,Trace Fitness->0.7142857142857143,Max Fitness Cost->14.0,Move-Log Fitness->0.875,Trace Length->8.0,Queued States->4499.0
A9DC954408D28650FDE0010AF7839062,Raw Fitness Cost->5.0,Calculation Time (ms)->245.0,Max Move-Log Cost->4.0,Num. States->4039.0,Move-Model Fitness->0.4285714285714286,Trace Fitness->0.5,Max Fitness Cost->10.0,Move-Log Fitness->0.75,Trace Length->4.0,Queued States->5861.0
AA486C1C9B62B8ABAAB646596485FD4E,Raw Fitness Cost->0.0,Calculation Time (ms)->16.0,Max Move-Log Cost->12.0,Num. States->646.0,Move-Model Fitness->1.0,Trace Fitness->1.0,Max Fitness Cost->18.0,Move-Log Fitness->1.0,Trace Length->12.0,Queued States->1229.0
ACE6FF19AF36AE47695B194759F7EF39,Raw Fitness Cost->4.0,Calculation Time (ms)->1021.0,Max Move-Log Cost->17.0,Num. States->15257.0,Move-Model Fitness->0.8095238095238095,Trace Fitness->0.8260869565217391,Max Fitness Cost->23.0,Move-Log Fitness->1.0,Trace Length->17.0,Queued States->18420.0
ACF293424827EE735130CC230BF49855,Raw Fitness Cost->2.0,Calculation Time (ms)->364.0,Max Move-Log Cost->19.0,Num. States->7833.0,Move-Model Fitness->1.0,Trace Fitness->0.92,Max Fitness Cost->25.0,Move-Log Fitness->0.8947368421052632,Trace Length->19.0,Queued States->12002.0
ADFC28666B798723E88955E96A164132,Raw Fitness Cost->3.0,Calculation Time (ms)->246.0,Max Move-Log Cost->5.0,Num. States->4268.0,Move-Model Fitness->0.625,Trace Fitness->0.7272727272727273,Max Fitness Cost->11.0,Move-Log Fitness->1.0,Trace Length->5.0,Queued States->6466.0
B0F09D98E796CB99198A033AAD98B6E8,Raw Fitness Cost->0.0,Calculation Time (ms)->7.0,Max Move-Log Cost->13.0,Num. States->333.0,Move-Model Fitness->1.0,Trace Fitness->1.0,Max Fitness Cost->19.0,Move-Log Fitness->1.0,Trace Length->13.0,Queued States->932.0
B267F613192D0B420FDAC5576C2C2A8D,Raw Fitness Cost->1.0,Calculation Time (ms)->155.0,Max Move-Log Cost->21.0,Num. States->1962.0,Move-Model Fitness->1.0,Trace Fitness->0.962962962962963,Max Fitness Cost->27.0,Move-Log Fitness->0.9523809523809523,Trace Length->21.0,Queued States->3896.0
B335B9AEABAF5FBBDC05A691AF596BFE,Raw Fitness Cost->2.0,Calculation Time (ms)->374.0,Max Move-Log Cost->22.0,Num. States->6224.0,Move-Model Fitness->1.0,Trace Fitness->0.9285714285714286,Max Fitness Cost->28.0,Move-Log Fitness->0.9090909090909091,Trace Length->22.0,Queued States->10342.0
B37C8089D034443E02E126DA42D96635,Raw Fitness Cost->4.0,Calculation Time (ms)->334.0,Max Move-Log Cost->16.0,Num. States->7648.0,Move-Model Fitness->0.9285714285714286,Trace Fitness->0.8181818181818181,Max Fitness Cost->22.0,Move-Log Fitness->0.8125,Trace Length->16.0,Queued States->11268.0
B39294285B96E7FF5282B19868214A81,Raw Fitness Cost->3.0,Calculation Time (ms)->100.0,Max Move-Log Cost->9.0,Num. States->3133.0,Move-Model Fitness->0.8,Trace Fitness->0.8,Max Fitness Cost->15.0,Move-Log Fitness->0.8888888888888888,Trace Length->9.0,Queued States->5550.0
B401F8D01C77EF71BE9A1FE296CE3262,Raw Fitness Cost->2.0,Calculation Time (ms)->132.0,Max Move-Log Cost->17.0,Num. States->2973.0,Move-Model Fitness->0.9411764705882353,Trace Fitness->0.9130434782608696,Max Fitness Cost->23.0,Move-Log Fitness->0.9411764705882353,Trace Length->17.0,Queued States->5534.0
B560D1C5C2696EAF6026E2650D87A1C8,Raw Fitness Cost->1.0,Calculation Time (ms)->49.0,Max Move-Log Cost->12.0,Num. States->887.0,Move-Model Fitness->0.9230769230769231,Trace Fitness->0.9444444444444444,Max Fitness Cost->18.0,Move-Log Fitness->1.0,Trace Length->12.0,Queued States->1815.0
B668C329ED0F0E0BCF1DE4D2680142A5,Raw Fitness Cost->2.0,Calculation Time (ms)->71.0,Max Move-Log Cost->14.0,Num. States->1845.0,Move-Model Fitness->0.875,Trace Fitness->0.9,Max Fitness Cost->20.0,Move-Log Fitness->1.0,Trace Length->14.0,Queued States->3657.0
B8A48F6457E1C767CA4E59DB0C5058D0,Raw Fitness Cost->2.0,Calculation Time (ms)->136.0,Max Move-Log Cost->12.0,Num. States->2211.0,Move-Model Fitness->0.9166666666666666,Trace Fitness->0.8888888888888888,Max Fitness Cost->18.0,Move-Log Fitness->0.9166666666666666,Trace Length->12.0,Queued States->4787.0
BA2FF6080DF8B72CCB845674BA3D71D4,Raw Fitness Cost->1.0,Calculation Time (ms)->65.0,Max Move-Log Cost->17.0,Num. States->1422.0,Move-Model Fitness->0.9444444444444444,Trace Fitness->0.9565217391304348,Max Fitness Cost->23.0,Move-Log Fitness->1.0,Trace Length->17.0,Queued States->2953.0
BA3C02AD3CD3C9123702F0305E634A04,Raw Fitness Cost->4.0,Calculation Time (ms)->104.0,Max Move-Log Cost->11.0,Num. States->3219.0,Move-Model Fitness->0.8181818181818181,Trace Fitness->0.7647058823529411,Max Fitness Cost->17.0,Move-Log Fitness->0.8181818181818181,Trace Length->11.0,Queued States->4909.0
BB017CB7141E37AEC9C0984BAD4F78AF,Raw Fitness Cost->4.0,Calculation Time (ms)->738.0,Max Move-Log Cost->9.0,Num. States->9315.0,Move-Model Fitness->0.7777777777777778,Trace Fitness->0.7333333333333334,Max Fitness Cost->15.0,Move-Log Fitness->0.7777777777777778,Trace Length->9.0,Queued States->11857.0
BC4B0A832F7EDAAB3E4128D911B2FAFE,Raw Fitness Cost->1.0,Calculation Time (ms)->233.0,Max Move-Log Cost->22.0,Num. States->4040.0,Move-Model Fitness->0.9565217391304348,Trace Fitness->0.9642857142857143,Max Fitness Cost->28.0,Move-Log Fitness->1.0,Trace Length->22.0,Queued States->6128.0
BC687A987056C1C8D7EA99DB04895413,Raw Fitness Cost->0.0,Calculation Time (ms)->6.0,Max Move-Log Cost->12.0,Num. States->332.0,Move-Model Fitness->1.0,Trace Fitness->1.0,Max Fitness Cost->18.0,Move-Log Fitness->1.0,Trace Length->12.0,Queued States->857.0
BD28A609064E4011049C4D2B5FA67866,Raw Fitness Cost->2.0,Calculation Time (ms)->101.0,Max Move-Log Cost->7.0,Num. States->2062.0,Move-Model Fitness->0.7777777777777778,Trace Fitness->0.8461538461538461,Max Fitness Cost->13.0,Move-Log Fitness->1.0,Trace Length->7.0,Queued States->3842.0
BF109D259989568C96B47D34A8CD0339,Raw Fitness Cost->2.0,Calculation Time (ms)->460.0,Max Move-Log Cost->13.0,Num. States->3511.0,Move-Model Fitness->0.9230769230769231,Trace Fitness->0.8947368421052632,Max Fitness Cost->19.0,Move-Log Fitness->0.9230769230769231,Trace Length->13.0,Queued States->5940.0
C0135CCC45E93858101D03C837F4C987,Raw Fitness Cost->6.0,Calculation Time (ms)->587.0,Max Move-Log Cost->21.0,Num. States->11177.0,Move-Model Fitness->0.8571428571428572,Trace Fitness->0.7777777777777778,Max Fitness Cost->27.0,Move-Log Fitness->0.8571428571428572,Trace Length->21.0,Queued States->13566.0
C19728B8F0670756CCB45B15230B533C,Raw Fitness Cost->1.0,Calculation Time (ms)->114.0,Max Move-Log Cost->9.0,Num. States->1567.0,Move-Model Fitness->0.9,Trace Fitness->0.9333333333333333,Max Fitness Cost->15.0,Move-Log Fitness->1.0,Trace Length->9.0,Queued States->3444.0
C19D344818744C36E49ED0E2A21FEF94,Raw Fitness Cost->6.0,Calculation Time (ms)->1628.0,Max Move-Log Cost->18.0,Num. States->11447.0,Move-Model Fitness->1.0,Trace Fitness->0.75,Max Fitness Cost->24.0,Move-Log Fitness->0.6666666666666667,Trace Length->18.0,Queued States->16783.0
C2B108EAD99DC45AC63BD1F2C63646F9,Raw Fitness Cost->9.0,Calculation Time (ms)->1264.0,Max Move-Log Cost->15.0,Num. States->17294.0,Move-Model Fitness->0.875,Trace Fitness->0.5714285714285714,Max Fitness Cost->21.0,Move-Log Fitness->0.4666666666666667,Trace Length->15.0,Queued States->20850.0
C40F5A1581A5D539FE363A4A7FDFFE7A,Raw Fitness Cost->3.0,Calculation Time (ms)->380.0,Max Move-Log Cost->19.0,Num. States->3874.0,Move-Model Fitness->0.9,Trace Fitness->0.88,Max Fitness Cost->25.0,Move-Log Fitness->0.9473684210526316,Trace Length->19.0,Queued States->6396.0
C497F112EDE693F145AF4AE0B3F74B18,Raw Fitness Cost->0.0,Calculation Time (ms)->143.0,Max Move-Log Cost->16.0,Num. States->1302.0,Move-Model Fitness->1.0,Trace Fitness->1.0,Max Fitness Cost->22.0,Move-Log Fitness->1.0,Trace Length->16.0,Queued States->2417.0
C4F735F41683F2B7931F3296083B9E51,Raw Fitness Cost->3.0,Calculation Time (ms)->181.0,Max Move-Log Cost->16.0,Num. States->3143.0,Move-Model Fitness->0.8823529411764706,Trace Fitness->0.8636363636363636,Max Fitness Cost->22.0,Move-Log Fitness->0.9375,Trace Length->16.0,Queued States->5322.0
C517ACA419F13135E1F2C039A9738EF1,Raw Fitness Cost->0.0,Calculation Time (ms)->99.0,Max Move-Log Cost->18.0,Num. States->1075.0,Move-Model Fitness->1.0,Trace Fitness->1.0,Max Fitness Cost->24.0,Move-Log Fitness->1.0,Trace Length->18.0,Queued States->2461.0
C5258178BD9FCC610DCC9DA9E98098A0,Raw Fitness Cost->1.0,Calculation Time (ms)->52.0,Max Move-Log Cost->15.0,Num. States->1555.0,Move-Model Fitness->0.9375,Trace Fitness->0.9523809523809523,Max Fitness Cost->21.0,Move-Log Fitness->1.0,Trace Length->15.0,Queued States->3042.0
C5809DA5CE95DACBD0A79BD8D97D29D6,Raw Fitness Cost->1.0,Calculation Time (ms)->19.0,Max Move-Log Cost->14.0,Num. States->843.0,Move-Model Fitness->1.0,Trace Fitness->0.95,Max Fitness Cost->20.0,Move-Log Fitness->0.9285714285714286,Trace Length->14.0,Queued States->2336.0
C66A0E00272069362AF8A5B1301FFC4A,Raw Fitness Cost->1.0,Calculation Time (ms)->1189.0,Max Move-Log Cost->23.0,Num. States->7030.0,Move-Model Fitness->1.0,Trace Fitness->0.9655172413793104,Max Fitness Cost->29.0,Move-Log Fitness->0.9565217391304348,Trace Length->23.0,Queued States->11773.0
C7CA69BD8DD97A469C88ECDC288F9EDC,Raw Fitness Cost->3.0,Calculation Time (ms)->1117.0,Max Move-Log Cost->20.0,Num. States->5848.0,Move-Model Fitness->1.0,Trace Fitness->0.8846153846153846,Max Fitness Cost->26.0,Move-Log Fitness->0.85,Trace Length->20.0,Queued States->9360.0
C88C556437D76DA851E142326DE40FE7,Raw Fitness Cost->1.0,Calculation Time (ms)->56.0,Max Move-Log Cost->13.0,Num. States->679.0,Move-Model Fitness->1.0,Trace Fitness->0.9473684210526316,Max Fitness Cost->19.0,Move-Log Fitness->0.9230769230769231,Trace Length->13.0,Queued States->2043.0
C8DDD36EA4D16B56CB7CE48003379447,Raw Fitness Cost->2.0,Calculation Time (ms)->169.0,Max Move-Log Cost->12.0,Num. States->2790.0,Move-Model Fitness->0.9166666666666666,Trace Fitness->0.8888888888888888,Max Fitness Cost->18.0,Move-Log Fitness->0.9166666666666666,Trace Length->12.0,Queued States->4764.0
C92FBB6953EE031B01E7C5DAEEA2DA41,Raw Fitness Cost->5.0,Calculation Time (ms)->185.0,Max Move-Log Cost->14.0,Num. States->4558.0,Move-Model Fitness->0.8461538461538461,Trace Fitness->0.75,Max Fitness Cost->20.0,Move-Log Fitness->0.7857142857142857,Trace Length->14.0,Queued States->6571.0
CAD513E10F06ABDFAA508D1BDCDD56CC,Raw Fitness Cost->3.0,Calculation Time (ms)->1501.0,Max Move-Log Cost->21.0,Num. States->13360.0,Move-Model Fitness->0.9090909090909091,Trace Fitness->0.8888888888888888,Max Fitness Cost->27.0,Move-Log Fitness->0.9523809523809523,Trace Length->21.0,Queued States->17844.0
CB4A364231304DB48D2A5E5DF883C960,Raw Fitness Cost->2.0,Calculation Time (ms)->463.0,Max Move-Log Cost->21.0,Num. States->7166.0,Move-Model Fitness->1.0,Trace Fitness->0.9259259259259259,Max Fitness Cost->27.0,Move-Log Fitness->0.9047619047619048,Trace Length->21.0,Queued States->13892.0
CBA91564E73A66460703926AFA26E1DB,Raw Fitness Cost->3.0,Calculation Time (ms)->1300.0,Max Move-Log Cost->19.0,Num. States->19908.0,Move-Model Fitness->0.8636363636363636,Trace Fitness->0.88,Max Fitness Cost->25.0,Move-Log Fitness->1.0,Trace Length->19.0,Queued States->26465.0
CDE38B7475ADACD29A38005CF0E0ACD3,Raw Fitness Cost->1.0,Calculation Time (ms)->884.0,Max Move-Log Cost->17.0,Num. States->1265.0,Move-Model Fitness->1.0,Trace Fitness->0.9565217391304348,Max Fitness Cost->23.0,Move-Log Fitness->0.9411764705882353,Trace Length->17.0,Queued States->2422.0
CF18B3A2B40EF829942197D56325B391,Raw Fitness Cost->4.0,Calculation Time (ms)->385.0,Max Move-Log Cost->6.0,Num. States->5580.0,Move-Model Fitness->0.625,Trace Fitness->0.6666666666666667,Max Fitness Cost->12.0,Move-Log Fitness->0.8333333333333334,Trace Length->6.0,Queued States->8031.0
D11B585198585FDC280397397174F1C8,Raw Fitness Cost->1.0,Calculation Time (ms)->660.0,Max Move-Log Cost->22.0,Num. States->14039.0,Move-Model Fitness->0.9565217391304348,Trace Fitness->0.9642857142857143,Max Fitness Cost->28.0,Move-Log Fitness->1.0,Trace Length->22.0,Queued States->17713.0
D1BA07A754E52496669A028DC25F54C0,Raw Fitness Cost->2.0,Calculation Time (ms)->472.0,Max Move-Log Cost->11.0,Num. States->9441.0,Move-Model Fitness->0.9090909090909091,Trace Fitness->0.8823529411764706,Max Fitness Cost->17.0,Move-Log Fitness->0.9090909090909091,Trace Length->11.0,Queued States->13714.0
D46E0D606404E14754A58B915E4D7599,Raw Fitness Cost->2.0,Calculation Time (ms)->516.0,Max Move-Log Cost->12.0,Num. States->8885.0,Move-Model Fitness->0.9166666666666666,Trace Fitness->0.8888888888888888,Max Fitness Cost->18.0,Move-Log Fitness->0.9166666666666666,Trace Length->12.0,Queued States->13663.0
D474BCD1408A2AB27BC6F3A4583F31C5,Raw Fitness Cost->0.0,Calculation Time (ms)->87.0,Max Move-Log Cost->17.0,Num. States->2664.0,Move-Model Fitness->1.0,Trace Fitness->1.0,Max Fitness Cost->23.0,Move-Log Fitness->1.0,Trace Length->17.0,Queued States->4697.0
D585C902842C89B2340F4C9D9E761CF9,Raw Fitness Cost->3.0,Calculation Time (ms)->110.0,Max Move-Log Cost->9.0,Num. States->2424.0,Move-Model Fitness->0.8,Trace Fitness->0.8,Max Fitness Cost->15.0,Move-Log Fitness->0.8888888888888888,Trace Length->9.0,Queued States->4337.0
D5F7CBD45C3CA19AA94179F15E5806AA,Raw Fitness Cost->0.0,Calculation Time (ms)->53.0,Max Move-Log Cost->13.0,Num. States->630.0,Move-Model Fitness->1.0,Trace Fitness->1.0,Max Fitness Cost->19.0,Move-Log Fitness->1.0,Trace Length->13.0,Queued States->1301.0
D73E98E4E2AEB563CFF5A65B5A7DC74E,Raw Fitness Cost->0.0,Calculation Time (ms)->91.0,Max Move-Log Cost->16.0,Num. States->1500.0,Move-Model Fitness->1.0,Trace Fitness->1.0,Max Fitness Cost->22.0,Move-Log Fitness->1.0,Trace Length->16.0,Queued States->2619.0
D8DE43D61CC56B6D17E493BB79CB6714,Raw Fitness Cost->1.0,Calculation Time (ms)->182.0,Max Move-Log Cost->17.0,Num. States->2893.0,Move-Model Fitness->0.9444444444444444,Trace Fitness->0.9565217391304348,Max Fitness Cost->23.0,Move-Log Fitness->1.0,Trace Length->17.0,Queued States->5578.0
D8E86956468685388DCA332EF7AC7177,Raw Fitness Cost->0.0,Calculation Time (ms)->62.0,Max Move-Log Cost->17.0,Num. States->974.0,Move-Model Fitness->1.0,Trace Fitness->1.0,Max Fitness Cost->23.0,Move-Log Fitness->1.0,Trace Length->17.0,Queued States->1528.0
D92F2FF79B810806C0D323304E23B192,Raw Fitness Cost->1.0,Calculation Time (ms)->72.0,Max Move-Log Cost->16.0,Num. States->1467.0,Move-Model Fitness->1.0,Trace Fitness->0.9545454545454546,Max Fitness Cost->22.0,Move-Log Fitness->0.9375,Trace Length->16.0,Queued States->3259.0
D9D7A1B18F7B5A8E2396CA90D10ED5C3,Raw Fitness Cost->1.0,Calculation Time (ms)->114.0,Max Move-Log Cost->9.0,Num. States->1921.0,Move-Model Fitness->0.9,Trace Fitness->0.9333333333333333,Max Fitness Cost->15.0,Move-Log Fitness->1.0,Trace Length->9.0,Queued States->3776.0
DB6A1F2E8FEEC73851BCCB692A2B3DB9,Raw Fitness Cost->4.0,Calculation Time (ms)->181.0,Max Move-Log Cost->17.0,Num. States->4559.0,Move-Model Fitness->0.8823529411764706,Trace Fitness->0.8260869565217391,Max Fitness Cost->23.0,Move-Log Fitness->0.8823529411764706,Trace Length->17.0,Queued States->6694.0
DD45D9743C2D327733AF9CBEFAF770D3,Raw Fitness Cost->1.0,Calculation Time (ms)->21.0,Max Move-Log Cost->16.0,Num. States->1197.0,Move-Model Fitness->0.9411764705882353,Trace Fitness->0.9545454545454546,Max Fitness Cost->22.0,Move-Log Fitness->1.0,Trace Length->16.0,Queued States->2217.0
DE628CD0C3529514A4E3BD2F36822229,Raw Fitness Cost->2.0,Calculation Time (ms)->159.0,Max Move-Log Cost->13.0,Num. States->3411.0,Move-Model Fitness->0.9230769230769231,Trace Fitness->0.8947368421052632,Max Fitness Cost->19.0,Move-Log Fitness->0.9230769230769231,Trace Length->13.0,Queued States->6367.0
E0910AF28F071F831F8C222C70F72590,Raw Fitness Cost->1.0,Calculation Time (ms)->243.0,Max Move-Log Cost->18.0,Num. States->5011.0,Move-Model Fitness->1.0,Trace Fitness->0.9583333333333334,Max Fitness Cost->24.0,Move-Log Fitness->0.9444444444444444,Trace Length->18.0,Queued States->9218.0
E14D5A3AAA9108C2265BB266948EFACC,Raw Fitness Cost->1.0,Calculation Time (ms)->76.0,Max Move-Log Cost->20.0,Num. States->1940.0,Move-Model Fitness->1.0,Trace Fitness->0.9615384615384616,Max Fitness Cost->26.0,Move-Log Fitness->0.95,Trace Length->20.0,Queued States->3499.0
E17207552531747A22CCEC938EE5DF8B,Raw Fitness Cost->5.0,Calculation Time (ms)->326.0,Max Move-Log Cost->11.0,Num. States->8357.0,Move-Model Fitness->0.875,Trace Fitness->0.7058823529411764,Max Fitness Cost->17.0,Move-Log Fitness->0.6363636363636364,Trace Length->11.0,Queued States->11770.0
E1CA4BF23504C2997801AB88085D736D,Raw Fitness Cost->0.0,Calculation Time (ms)->21.0,Max Move-Log Cost->19.0,Num. States->1171.0,Move-Model Fitness->1.0,Trace Fitness->1.0,Max Fitness Cost->25.0,Move-Log Fitness->1.0,Trace Length->19.0,Queued States->1637.0
E21144AC9DD50165C143F175915B7EB9,Raw Fitness Cost->0.0,Calculation Time (ms)->68.0,Max Move-Log Cost->16.0,Num. States->1206.0,Move-Model Fitness->1.0,Trace Fitness->1.0,Max Fitness Cost->22.0,Move-Log Fitness->1.0,Trace Length->16.0,Queued States->2570.0
E2637DEB282CFED59F2E07FC28773FF0,Raw Fitness Cost->4.0,Calculation Time (ms)->147.0,Max Move-Log Cost->14.0,Num. States->4111.0,Move-Model Fitness->0.8571428571428572,Trace Fitness->0.8,Max Fitness Cost->20.0,Move-Log Fitness->0.8571428571428572,Trace Length->14.0,Queued States->5874.0
E28A3B1A3E67BC88F84CC2D1DB90F3B0,Raw Fitness Cost->3.0,Calculation Time (ms)->235.0,Max Move-Log Cost->12.0,Num. States->5578.0,Move-Model Fitness->0.8461538461538461,Trace Fitness->0.8333333333333334,Max Fitness Cost->18.0,Move-Log Fitness->0.9166666666666666,Trace Length->12.0,Queued States->9122.0
E309E0A83FAF7B1BACCDF37C3C6CAF1B,Raw Fitness Cost->1.0,Calculation Time (ms)->72.0,Max Move-Log Cost->14.0,Num. States->1207.0,Move-Model Fitness->0.9333333333333333,Trace Fitness->0.95,Max Fitness Cost->20.0,Move-Log Fitness->1.0,Trace Length->14.0,Queued States->2260.0
E36051736D1ADB50842FD4B849CA09E1,Raw Fitness Cost->0.0,Calculation Time (ms)->56.0,Max Move-Log Cost->18.0,Num. States->1043.0,Move-Model Fitness->1.0,Trace Fitness->1.0,Max Fitness Cost->24.0,Move-Log Fitness->1.0,Trace Length->18.0,Queued States->2046.0
E511FE5467214501F12151874CC69009,Raw Fitness Cost->1.0,Calculation Time (ms)->169.0,Max Move-Log Cost->20.0,Num. States->3881.0,Move-Model Fitness->0.9523809523809523,Trace Fitness->0.9615384615384616,Max Fitness Cost->26.0,Move-Log Fitness->1.0,Trace Length->20.0,Queued States->6242.0
E595BEB77227983E03AEDFF82197EBAD,Raw Fitness Cost->1.0,Calculation Time (ms)->45.0,Max Move-Log Cost->13.0,Num. States->822.0,Move-Model Fitness->1.0,Trace Fitness->0.9473684210526316,Max Fitness Cost->19.0,Move-Log Fitness->0.9230769230769231,Trace Length->13.0,Queued States->2364.0
E5FDF3981FE14C6501AEDB99BA786CCB,Raw Fitness Cost->2.0,Calculation Time (ms)->1018.0,Max Move-Log Cost->22.0,Num. States->17161.0,Move-Model Fitness->0.9166666666666666,Trace Fitness->0.9285714285714286,Max Fitness Cost->28.0,Move-Log Fitness->1.0,Trace Length->22.0,Queued States->24120.0
E6330165173DE887FECD1F5DDC25B853,Raw Fitness Cost->1.0,Calculation Time (ms)->777.0,Max Move-Log Cost->15.0,Num. States->14824.0,Move-Model Fitness->0.9375,Trace Fitness->0.9523809523809523,Max Fitness Cost->21.0,Move-Log Fitness->1.0,Trace Length->15.0,Queued States->19570.0
E791202E760D726301446A03BEE956EA,Raw Fitness Cost->0.0,Calculation Time (ms)->7.0,Max Move-Log Cost->12.0,Num. States->318.0,Move-Model Fitness->1.0,Trace Fitness->1.0,Max Fitness Cost->18.0,Move-Log Fitness->1.0,Trace Length->12.0,Queued States->872.0
E88E61386B723635541C10DF9FE09749,Raw Fitness Cost->1.0,Calculation Time (ms)->93.0,Max Move-Log Cost->11.0,Num. States->1721.0,Move-Model Fitness->1.0,Trace Fitness->0.9411764705882353,Max Fitness Cost->17.0,Move-Log Fitness->0.9090909090909091,Trace Length->11.0,Queued States->3854.0
E9648B9621BD1FA22CAAE610BE431634,Raw Fitness Cost->2.0,Calculation Time (ms)->153.0,Max Move-Log Cost->14.0,Num. States->2742.0,Move-Model Fitness->0.9285714285714286,Trace Fitness->0.9,Max Fitness Cost->20.0,Move-Log Fitness->0.9285714285714286,Trace Length->14.0,Queued States->5287.0
EB7AC29F2EEB9AB5CECDAD19AE9187BD,Raw Fitness Cost->4.0,Calculation Time (ms)->267.0,Max Move-Log Cost->7.0,Num. States->5727.0,Move-Model Fitness->0.6666666666666667,Trace Fitness->0.6923076923076923,Max Fitness Cost->13.0,Move-Log Fitness->0.8571428571428572,Trace Length->7.0,Queued States->8586.0
EBB5C449D80E72B30AFF70812FF1DB6D,Raw Fitness Cost->3.0,Calculation Time (ms)->159.0,Max Move-Log Cost->5.0,Num. States->3710.0,Move-Model Fitness->0.625,Trace Fitness->0.7272727272727273,Max Fitness Cost->11.0,Move-Log Fitness->1.0,Trace Length->5.0,Queued States->5806.0
ECA0AAA234EA1BA6DDD9586C48CDCE7D,Raw Fitness Cost->1.0,Calculation Time (ms)->71.0,Max Move-Log Cost->7.0,Num. States->1595.0,Move-Model Fitness->0.875,Trace Fitness->0.9230769230769231,Max Fitness Cost->13.0,Move-Log Fitness->1.0,Trace Length->7.0,Queued States->3354.0
EED21B701E74E4BC0958DE5B0181ED6F,Raw Fitness Cost->2.0,Calculation Time (ms)->123.0,Max Move-Log Cost->17.0,Num. States->3318.0,Move-Model Fitness->0.9411764705882353,Trace Fitness->0.9130434782608696,Max Fitness Cost->23.0,Move-Log Fitness->0.9411764705882353,Trace Length->17.0,Queued States->6319.0
F09A054C4BF27004CD748422B5339005,Raw Fitness Cost->2.0,Calculation Time (ms)->963.0,Max Move-Log Cost->23.0,Num. States->21527.0,Move-Model Fitness->0.92,Trace Fitness->0.9310344827586207,Max Fitness Cost->29.0,Move-Log Fitness->1.0,Trace Length->23.0,Queued States->25996.0
F09CEAE18E2BB69170BA8ED15AD6E4C1,Raw Fitness Cost->5.0,Calculation Time (ms)->252.0,Max Move-Log Cost->15.0,Num. States->5782.0,Move-Model Fitness->0.8571428571428572,Trace Fitness->0.7619047619047619,Max Fitness Cost->21.0,Move-Log Fitness->0.8,Trace Length->15.0,Queued States->8354.0
F14ECFAE8A2DE4C5449815750BE67F63,Raw Fitness Cost->4.0,Calculation Time (ms)->286.0,Max Move-Log Cost->13.0,Num. States->6982.0,Move-Model Fitness->0.8461538461538461,Trace Fitness->0.7894736842105263,Max Fitness Cost->19.0,Move-Log Fitness->0.8461538461538461,Trace Length->13.0,Queued States->9570.0
F1E870F766899620B9B734CEF6ABC7A8,Raw Fitness Cost->0.0,Calculation Time (ms)->36.0,Max Move-Log Cost->16.0,Num. States->817.0,Move-Model Fitness->1.0,Trace Fitness->1.0,Max Fitness Cost->22.0,Move-Log Fitness->1.0,Trace Length->16.0,Queued States->1626.0
F35285A67479DD8AACE09A8377FEB5CB,Raw Fitness Cost->2.0,Calculation Time (ms)->710.0,Max Move-Log Cost->19.0,Num. States->12938.0,Move-Model Fitness->0.9473684210526316,Trace Fitness->0.92,Max Fitness Cost->25.0,Move-Log Fitness->0.9473684210526316,Trace Length->19.0,Queued States->17423.0
F39881763216CC608E13F2E79E244F9A,Raw Fitness Cost->4.0,Calculation Time (ms)->317.0,Max Move-Log Cost->19.0,Num. States->7942.0,Move-Model Fitness->1.0,Trace Fitness->0.84,Max Fitness Cost->25.0,Move-Log Fitness->0.7894736842105263,Trace Length->19.0,Queued States->11918.0
F4DA938805263EDFA11363EA799A7CFE,Raw Fitness Cost->1.0,Calculation Time (ms)->13.0,Max Move-Log Cost->10.0,Num. States->612.0,Move-Model Fitness->0.9090909090909091,Trace Fitness->0.9375,Max Fitness Cost->16.0,Move-Log Fitness->1.0,Trace Length->10.0,Queued States->1618.0
FA3983BB4140C509B0E8B706C6864652,Raw Fitness Cost->1.0,Calculation Time (ms)->320.0,Max Move-Log Cost->15.0,Num. States->7106.0,Move-Model Fitness->0.9375,Trace Fitness->0.9523809523809523,Max Fitness Cost->21.0,Move-Log Fitness->1.0,Trace Length->15.0,Queued States->11037.0
FA82302BFB2490265C17DC68118029C3,Raw Fitness Cost->4.0,Calculation Time (ms)->573.0,Max Move-Log Cost->17.0,Num. States->9219.0,Move-Model Fitness->0.8421052631578947,Trace Fitness->0.8260869565217391,Max Fitness Cost->23.0,Move-Log Fitness->0.9411764705882353,Trace Length->17.0,Queued States->13077.0
FB53020C4D1A355426420E1649191322,Raw Fitness Cost->3.0,Calculation Time (ms)->324.0,Max Move-Log Cost->16.0,Num. States->4869.0,Move-Model Fitness->0.9333333333333333,Trace Fitness->0.8636363636363636,Max Fitness Cost->22.0,Move-Log Fitness->0.875,Trace Length->16.0,Queued States->8124.0
FB5FB30DFBF22E0CCDB24541C31050AE,Raw Fitness Cost->2.0,Calculation Time (ms)->408.0,Max Move-Log Cost->18.0,Num. States->5510.0,Move-Model Fitness->1.0,Trace Fitness->0.9166666666666666,Max Fitness Cost->24.0,Move-Log Fitness->0.8888888888888888,Trace Length->18.0,Queued States->8929.0
FD27C2B1FBB568A22EF7C9ECB3C93593,Raw Fitness Cost->2.0,Calculation Time (ms)->234.0,Max Move-Log Cost->13.0,Num. States->2187.0,Move-Model Fitness->0.8666666666666667,Trace Fitness->0.8947368421052632,Max Fitness Cost->19.0,Move-Log Fitness->1.0,Trace Length->13.0,Queued States->4134.0
FE34D0D24D61445CF4FC97A8E9945831,Raw Fitness Cost->1.0,Calculation Time (ms)->33.0,Max Move-Log Cost->11.0,Num. States->896.0,Move-Model Fitness->0.9166666666666666,Trace Fitness->0.9411764705882353,Max Fitness Cost->17.0,Move-Log Fitness->1.0,Trace Length->11.0,Queued States->2202.0
FEECDF11C1C038819F59CFF03AB99F6D,Raw Fitness Cost->1.0,Calculation Time (ms)->192.0,Max Move-Log Cost->15.0,Num. States->1794.0,Move-Model Fitness->0.9375,Trace Fitness->0.9523809523809523,Max Fitness Cost->21.0,Move-Log Fitness->1.0,Trace Length->15.0,Queued States->3387.0
FF2E54146CF4880DB4C23F54F870405D,Raw Fitness Cost->5.0,Calculation Time (ms)->286.0,Max Move-Log Cost->18.0,Num. States->5379.0,Move-Model Fitness->0.8823529411764706,Trace Fitness->0.7916666666666666,Max Fitness Cost->24.0,Move-Log Fitness->0.8333333333333334,Trace Length->18.0,Queued States->7551.0
